{"disart": 0.05086017594618261, "malleusfix": 0.051106322911149915, "normal": 0.16752808668318003, "stapesfix": 0.23234910960588132, "All": 0.12546092378659846}