{"disart": 0.15309002459646862, "malleusfix": 0.1531794741902467, "normal": 0.08623690810256084, "stapesfix": 0.13516745000063468, "All": 0.13191846422247772}