{"disart": 0.14602402346002116, "malleusfix": 0.20999124522333432, "normal": 0.08775505768654553, "stapesfix": 0.11251144035099121, "All": 0.13907044168022306}