{"disart": 0.14949513727240185, "malleusfix": 0.06823835696560307, "normal": 0.4159637065084786, "stapesfix": 0.3274455712964808, "All": 0.24028569301074107}