{"malleusfix": 0.19230762807557103, "normal": 0.3151217682498677, "stapesfix": 0.06695417549381935, "All": 0.19146119060641933}