{"disart": 0.13948727935529912, "malleusfix": 0.12894951826190704, "normal": 0.38534787674751625, "stapesfix": 0.43729189768955895, "All": 0.27276914301357036}