{"disart": 0.14036804085085136, "malleusfix": 0.1389547743098083, "normal": 0.14199131955273483, "stapesfix": 0.14819119590957205, "All": 0.14237633265574165}