{"malleusfix": 0.16362043632058515, "normal": 0.27014578658738037, "stapesfix": 0.06205413373360855, "All": 0.16527345221385803}