{"disart": 0.020616312498058967, "malleusfix": 0.05597460422375328, "normal": 0.026977141519750465, "stapesfix": 0.07332171727957654, "All": 0.04422244388028481}