{"malleusfix": 0.13646114182081648, "normal": 0.2930719063595245, "stapesfix": 0.060757771416586906, "All": 0.16343027319897596}