{"disart": 0.06660073068632046, "malleusfix": 0.041909532400419496, "normal": 0.15295628746230824, "stapesfix": 0.115547650711308, "All": 0.09425355031508906}