{"disart": 0.20874459953222674, "malleusfix": 0.25394887083079076, "normal": 0.5720382662896905, "stapesfix": 0.5671554530746689, "All": 0.40047179743184425}