{"disart": 0.13161078754670358, "malleusfix": 0.09260510892173479, "normal": 0.33946012293417666, "stapesfix": 0.3386306911071515, "All": 0.22557667762744163}