{"malleusfix": 0.12218895736408326, "normal": 0.03166805201414412, "stapesfix": 0.13764764387096418, "All": 0.09716821774973051}