{"malleusfix": 0.20650532281801343, "normal": 0.267832547702452, "stapesfix": 0.06752555504163461, "All": 0.18062114185403336}