{"disart": 0.13175424330122135, "malleusfix": 0.13963899723794482, "normal": 0.09736118697194393, "stapesfix": 0.11613519239774184, "All": 0.12122240497721298}