{"disart": 0.07868294691981825, "malleusfix": 0.03834577809325215, "normal": 0.12827908297873297, "stapesfix": 0.1596025077127177, "All": 0.10122757892613027}