{"disart": 0.13342922907710544, "malleusfix": 0.13245507522555805, "normal": 0.14272573382106563, "stapesfix": 0.13625432208990038, "All": 0.13621609005340737}