{"malleusfix": 0.3115676678888751, "normal": 0.17356586179841577, "stapesfix": 0.32611247355934986, "All": 0.2704153344155469}