{"disart": 0.04837667063859309, "malleusfix": 0.05666919971114643, "normal": 0.1820715253784141, "stapesfix": 0.2651618217506475, "All": 0.1380698043697003}