{"disart": 0.03810939886910324, "malleusfix": 0.2004571241946487, "normal": 0.03743083698981163, "stapesfix": 0.14263183563316806, "All": 0.1046572989216829}