{"disart": 0.06260364986262866, "malleusfix": 0.0498019116033255, "normal": 0.1954186714295718, "stapesfix": 0.24196297736235, "All": 0.137446802564469}