{"disart": 0.05084549520432907, "malleusfix": 0.05380339355279282, "normal": 0.19311313531334218, "stapesfix": 0.20321074979581813, "All": 0.12524319346657053}