{"disart": 0.05308687147567156, "malleusfix": 0.19120940947108664, "normal": 0.03622204937244375, "stapesfix": 0.16432831019815433, "All": 0.11121166012933906}