{"disart": 0.16662376508445953, "malleusfix": 0.12102694573703542, "normal": 0.48557343237932193, "stapesfix": 0.43498286427796073, "All": 0.3020517518696944}