{"disart": 0.03213477757933137, "malleusfix": 0.22392663018375786, "normal": 0.03317756739507378, "stapesfix": 0.11947042848281908, "All": 0.10217735091024552}