{"disart": 0.2550919736568326, "malleusfix": 0.28395810145067013, "normal": 0.6499835301246414, "stapesfix": 0.6176850154125575, "All": 0.4516796551611754}