{"malleusfix": 0.19199204716552898, "normal": 0.29802548704243276, "stapesfix": 0.07059497856424421, "All": 0.1868708375907353}