{"disart": 0.18423274580519758, "malleusfix": 0.1271412048704452, "normal": 0.42942288944118356, "stapesfix": 0.46071663268641627, "All": 0.30037836820081065}