{"disart": 0.171138227619314, "malleusfix": 0.17524212407801396, "normal": 0.1570061405744959, "stapesfix": 0.15346921892872853, "All": 0.1642139278001381}