{"malleusfix": 0.19863772984486872, "normal": 0.2993143617086221, "stapesfix": 0.07150979062286936, "All": 0.18982062739212005}