{"disart": 0.04989977598662269, "malleusfix": 0.05262332625260313, "normal": 0.19409362744526146, "stapesfix": 0.22827119745586685, "All": 0.13122198178508854}