{"disart": 0.31642627534301265, "malleusfix": 0.18293919639637943, "normal": 0.2103498773836909, "stapesfix": 0.11615649738303255, "All": 0.2064679616265289}