{"malleusfix": 0.1838177709295372, "normal": 0.3069508699809362, "stapesfix": 0.06775945707107354, "All": 0.18617603266051563}