{"disart": 0.151312143385817, "malleusfix": 0.11683613937975852, "normal": 0.43189044640731294, "stapesfix": 0.5075829685646563, "All": 0.30190542443438617}