{"disart": 0.15993023977377174, "malleusfix": 0.08550207937729196, "normal": 0.34804706148781456, "stapesfix": 0.38964168843428254, "All": 0.24578026726829022}