{"malleusfix": 0.11966130852829207, "normal": 0.03981214727934778, "stapesfix": 0.12525306977508538, "All": 0.09490884186090842}