{"disart": 0.2111271940966009, "malleusfix": 0.2693143537088724, "normal": 0.5985352814663367, "stapesfix": 0.5989452182390173, "All": 0.41948051187770685}