{"disart": 0.04539144749476956, "malleusfix": 0.055408391361954586, "normal": 0.17981905140656856, "stapesfix": 0.20679884456605452, "All": 0.1218544337073368}