{"disart": 0.2040654831482042, "malleusfix": 0.2674154548295852, "normal": 0.55672753192598, "stapesfix": 0.6114002980184482, "All": 0.40990219198055444}