{"malleusfix": 0.34886638565163497, "normal": 0.09914082419718509, "stapesfix": 0.26215797846643524, "All": 0.23672172943841843}