{"disart": 0.04577620346604718, "malleusfix": 0.16596075561541537, "normal": 0.029875804989929186, "stapesfix": 0.1957046746070841, "All": 0.10932935966961896}