{"disart": 0.02753609730597412, "malleusfix": 0.06388265875440034, "normal": 0.02629145225306627, "stapesfix": 0.06386881385799105, "All": 0.04539475554285795}