{"malleusfix": 0.1551684363870878, "normal": 0.27520758274368795, "stapesfix": 0.06684439922453841, "All": 0.16574013945177138}