{"disart": 0.134606850477225, "malleusfix": 0.16688751730301987, "normal": 0.09070502110525785, "stapesfix": 0.1451902102074559, "All": 0.13434739977323965}