{"disart": 0.02418652485913685, "malleusfix": 0.013443145322282342, "normal": 0.0580661343272529, "stapesfix": 0.07053343140104792, "All": 0.04155730897743}