{"disart": 0.3035861563552854, "malleusfix": 0.2109177375714236, "normal": 0.2081600928789833, "stapesfix": 0.11695503472942742, "All": 0.20990475538377995}