{"malleusfix": 0.07801224739942564, "normal": 0.02549229616738264, "stapesfix": 0.10190081937778513, "All": 0.06846845431486447}