{"disart": 0.021216844722748412, "malleusfix": 0.012927376721354395, "normal": 0.07021047035647564, "stapesfix": 0.07135370698232026, "All": 0.04392709969572467}