{"disart": 0.0295256544022894, "malleusfix": 0.06399290188350672, "normal": 0.031253113997256075, "stapesfix": 0.07054166846717251, "All": 0.04882833468755618}