{"disart": 0.06480554212308266, "malleusfix": 0.04867374237692158, "normal": 0.05688578950368857, "stapesfix": 0.06612889890717302, "All": 0.05912349322771646}