{"disart": 0.12892461624163556, "malleusfix": 0.13383690940808093, "normal": 0.15664956674635858, "stapesfix": 0.1568277488742771, "All": 0.14405971031758805}