{"disart": 0.07974415210114447, "malleusfix": 0.036552224099900485, "normal": 0.15767507060745198, "stapesfix": 0.1219375071941945, "All": 0.09897723850067286}