{"disart": 0.22877243298520342, "malleusfix": 0.2413359653078987, "normal": 0.553296082924106, "stapesfix": 0.604864137514415, "All": 0.4070671546829058}