{"disart": 0.0461274564350021, "malleusfix": 0.06003584321452477, "normal": 0.1890379798164903, "stapesfix": 0.20141082663104168, "All": 0.12415302652426471}