{"malleusfix": 0.11049711014268178, "normal": 0.025652508344831036, "stapesfix": 0.13043595918025938, "All": 0.08886185922259073}