{"malleusfix": 0.16148991608233051, "normal": 0.2994039929272368, "stapesfix": 0.04765416708311065, "All": 0.16951602536422597}