{"disart": 0.23645494624596836, "malleusfix": 0.10521969629258192, "normal": 0.19811027529926364, "stapesfix": 0.11668837583809505, "All": 0.16411832341897725}