{"malleusfix": 0.3958589194454257, "normal": 0.1864164129755694, "stapesfix": 0.23769584420110149, "All": 0.2733237255406989}