{"malleusfix": 0.3397221892183026, "normal": 0.09485883129896394, "stapesfix": 0.27431971372853325, "All": 0.23630024474859992}