{"disart": 0.0425832220221817, "malleusfix": 0.06475838824860435, "normal": 0.19296833214393233, "stapesfix": 0.21702550898398926, "All": 0.1293338628496769}