{"disart": 0.1421622244685247, "malleusfix": 0.06259601987206216, "normal": 0.41415075202600116, "stapesfix": 0.32979623044445394, "All": 0.2371763067027605}