{"disart": 0.13231517816737415, "malleusfix": 0.10103536345861207, "normal": 0.34824297348125616, "stapesfix": 0.32646103429216383, "All": 0.22701363734985158}