{"disart": 0.13498797518007147, "malleusfix": 0.1121615076803481, "normal": 0.11130337102012718, "stapesfix": 0.15685274115925193, "All": 0.12882639875994967}