{"malleusfix": 0.3260635834077824, "normal": 0.08156060576233516, "stapesfix": 0.2754351082368639, "All": 0.2276864324689938}