{"malleusfix": 0.10190660738187418, "normal": 0.024491388297871154, "stapesfix": 0.09293856150286021, "All": 0.07311218572753518}