{"disart": 0.031163991571568458, "malleusfix": 0.05382447295617472, "normal": 0.024652598121179946, "stapesfix": 0.08062989244129895, "All": 0.04756773877255552}