{"disart": 0.1543069760215655, "malleusfix": 0.12232961601852185, "normal": 0.44251105894666487, "stapesfix": 0.4596044688567283, "All": 0.2946880299608701}