{"disart": 0.15427653304474756, "malleusfix": 0.10686123934755974, "normal": 0.34395518014987897, "stapesfix": 0.3564395997493301, "All": 0.2403831380728791}