{"malleusfix": 0.30202227301805834, "normal": 0.10063820848475823, "stapesfix": 0.29173078881511627, "All": 0.2314637567726443}