{"malleusfix": 0.3258052204314719, "normal": 0.11300083550770272, "stapesfix": 0.2675990366190184, "All": 0.23546836418606434}