{"malleusfix": 0.1185230279759989, "normal": 0.03324855066956178, "stapesfix": 0.12442551673271969, "All": 0.09206569845942679}