{"disart": 0.14440788293038934, "malleusfix": 0.11342596195527643, "normal": 0.3434569968458926, "stapesfix": 0.34911904504387975, "All": 0.2376024716938595}