{"disart": 0.14022655842055673, "malleusfix": 0.153876006014758, "normal": 0.17915074878422177, "stapesfix": 0.15483599483771096, "All": 0.15702232701431187}