{"disart": 0.03883124073466365, "malleusfix": 0.18731915411600286, "normal": 0.03337214613152024, "stapesfix": 0.16436568013784972, "All": 0.10597205528000911}