{"disart": 0.0462951053643912, "malleusfix": 0.05797590594238595, "normal": 0.1798833450415509, "stapesfix": 0.21462647147733388, "All": 0.12469520695641549}