{"disart": 0.14995149126118143, "malleusfix": 0.17081049871912243, "normal": 0.14617883557549358, "stapesfix": 0.15180521389354384, "All": 0.15468650986233531}