{"disart": 0.02222301446445864, "malleusfix": 0.02536192717447748, "normal": 0.0158561095495269, "stapesfix": 0.034575619969743086, "All": 0.02450416778955153}