{"disart": 0.13181055023508662, "malleusfix": 0.2254616602265737, "normal": 0.09766891657982228, "stapesfix": 0.13194038521245477, "All": 0.14672037806348437}