{"disart": 0.08440952187530681, "malleusfix": 0.043426227058455405, "normal": 0.12402824653816907, "stapesfix": 0.1477107236759889, "All": 0.09989367978698005}