{"disart": 0.03764155368870915, "malleusfix": 0.19950899023479113, "normal": 0.04323458053942961, "stapesfix": 0.12926975461575707, "All": 0.10241371976967173}