{"malleusfix": 0.14248675288276094, "normal": 0.29716620253825904, "stapesfix": 0.06087438060450035, "All": 0.16684244534184012}