{"malleusfix": 0.319276673081923, "normal": 0.17517697997834444, "stapesfix": 0.2970203850633708, "All": 0.26382467937454607}