{"disart": 0.018886607021168737, "malleusfix": 0.014274990053582197, "normal": 0.06362329826439865, "stapesfix": 0.07415165198198062, "All": 0.04273413683028255}