{"disart": 0.16139335225386653, "malleusfix": 0.12692252412180063, "normal": 0.15879942145140227, "stapesfix": 0.1626460379300293, "All": 0.15244033393927467}