{"malleusfix": 0.28457924050989103, "normal": 0.10520169867594917, "stapesfix": 0.2697456154230012, "All": 0.2198421848696138}