{"malleusfix": 0.10368221206476154, "normal": 0.13285705385780042, "stapesfix": 0.05497537872111839, "All": 0.09717154821456013}