{"disart": 0.23429583074959517, "malleusfix": 0.27338059293578615, "normal": 0.5896857841260603, "stapesfix": 0.6714519529957873, "All": 0.4422035402018073}