{"malleusfix": 0.3904877330636768, "normal": 0.15521738561932155, "stapesfix": 0.26888946227916616, "All": 0.27153152698738814}