{"disart": 0.02323060465786532, "malleusfix": 0.013320528716774043, "normal": 0.05948146913081958, "stapesfix": 0.07324761729055802, "All": 0.042320054949004246}