{"disart": 0.13630004726423947, "malleusfix": 0.13449620908150065, "normal": 0.4449036856767966, "stapesfix": 0.3901021844537671, "All": 0.27645053161907596}