{"disart": 0.026663450419701577, "malleusfix": 0.030591547134737457, "normal": 0.011032274565661611, "stapesfix": 0.042724941049770614, "All": 0.027753053292467814}