{"disart": 0.051789545385296426, "malleusfix": 0.06061335832986333, "normal": 0.20166883481427933, "stapesfix": 0.23285072470790674, "All": 0.13673061580933646}