{"malleusfix": 0.09318821168709493, "normal": 0.144491124797723, "stapesfix": 0.0608409704397011, "All": 0.09950676897483968}