{"disart": 0.11642917056742023, "malleusfix": 0.21552634452176261, "normal": 0.11074051984679958, "stapesfix": 0.12534828903763623, "All": 0.14201108099340465}