{"disart": 0.16503963297334742, "malleusfix": 0.07431169823239996, "normal": 0.3465177186359735, "stapesfix": 0.3630400410715654, "All": 0.2372272727283216}