{"disart": 0.04157945070243043, "malleusfix": 0.1585749219571686, "normal": 0.028982299573858446, "stapesfix": 0.19093780040906408, "All": 0.10501861816063039}