{"malleusfix": 0.34626154894650063, "normal": 0.09101542173049, "stapesfix": 0.26973231075901, "All": 0.23566976047866686}