{"malleusfix": 0.19976991584405113, "normal": 0.29786207818386945, "stapesfix": 0.07502401205505113, "All": 0.1908853353609906}