{"disart": 0.04646801731644216, "malleusfix": 0.05524808812283231, "normal": 0.1923949699875432, "stapesfix": 0.24694765644174577, "All": 0.13526468296714086}