{"malleusfix": 0.34939777332775984, "normal": 0.16665553163300667, "stapesfix": 0.3343206567592829, "All": 0.2834579872400165}