{"malleusfix": 0.20344981590260694, "normal": 0.2984291763466614, "stapesfix": 0.06208722661424718, "All": 0.18798873962117182}