{"disart": 0.4231212784757813, "malleusfix": 0.13090011786684197, "normal": 0.6041307885597703, "stapesfix": 0.521267455795979, "All": 0.4198549101745932}