{"disart": 0.15098489318266586, "malleusfix": 0.13581596060465578, "normal": 0.09855625532865855, "stapesfix": 0.1591511636317267, "All": 0.13612706818692671}