{"malleusfix": 0.19166379385351012, "normal": 0.2940054382062444, "stapesfix": 0.06532407368405899, "All": 0.18366443524793785}