{"disart": 0.10091299082725882, "malleusfix": 0.2173708656815665, "normal": 0.08523685487394837, "stapesfix": 0.11672270108102413, "All": 0.13006085311594945}