{"malleusfix": 0.20514567323254423, "normal": 0.30721654952420757, "stapesfix": 0.0653563156178513, "All": 0.1925728461248677}