{"disart": 0.01803359605587019, "malleusfix": 0.02631105820678298, "normal": 0.01473507014320471, "stapesfix": 0.0336699854449681, "All": 0.023187427462706495}