{"disart": 0.05408462550334673, "malleusfix": 0.011352344272753175, "normal": 0.06595994125533991, "stapesfix": 0.10531514193004395, "All": 0.05917801324037093}