{"disart": 0.2508544591244666, "malleusfix": 0.28272137746663234, "normal": 0.5877458026325949, "stapesfix": 0.6518566570250766, "All": 0.44329457406219264}