{"disart": 0.22822475776005116, "malleusfix": 0.2548835344890103, "normal": 0.5752030688249747, "stapesfix": 0.5894795777494007, "All": 0.4119477347058592}