{"disart": 0.21394380234888288, "malleusfix": 0.25423024025700797, "normal": 0.6341617334876155, "stapesfix": 0.6694943009513734, "All": 0.44295751926121996}