{"disart": 0.44635143247738907, "malleusfix": 0.13686726375069797, "normal": 0.5978436004103866, "stapesfix": 0.50157082688452, "All": 0.4206582808807484}