{"disart": 0.04738747286186079, "malleusfix": 0.04884224584140413, "normal": 0.19479704810217105, "stapesfix": 0.20297888182253498, "All": 0.12350141215699274}