{"malleusfix": 0.09620811208873575, "normal": 0.02585615868800051, "stapesfix": 0.08066230579244912, "All": 0.0675755255230618}