{"disart": 0.14615864317102523, "malleusfix": 0.14119388584680956, "normal": 0.14465652762478926, "stapesfix": 0.16908316169060844, "All": 0.15027305458330814}