{"disart": 0.14274304721078643, "malleusfix": 0.20741024739859484, "normal": 0.07347433943586162, "stapesfix": 0.1254436070863918, "All": 0.1372678102829087}