{"disart": 0.04017650795718131, "malleusfix": 0.22884390964296253, "normal": 0.03791603829905763, "stapesfix": 0.1079858293544628, "All": 0.10373057131341606}