{"disart": 0.15741408795491582, "malleusfix": 0.11918773296478331, "normal": 0.4924366391686589, "stapesfix": 0.4336995464823688, "All": 0.3006845016426817}