{"malleusfix": 0.19940482297139045, "normal": 0.291048909200162, "stapesfix": 0.0688894139470144, "All": 0.18644771537285562}