{"disart": 0.07784072042022502, "malleusfix": 0.03364139438640277, "normal": 0.1485625225008327, "stapesfix": 0.12911951683219583, "All": 0.09729103853491408}