{"disart": 0.041385756174025415, "malleusfix": 0.13870898975749804, "normal": 0.032089489132331936, "stapesfix": 0.21230762303521203, "All": 0.10612296452476686}