{"malleusfix": 0.31846983599628714, "normal": 0.173380580864239, "stapesfix": 0.30008696186668454, "All": 0.26397912624240355}