{"disart": 0.15835978359746375, "malleusfix": 0.06091208268307938, "normal": 0.39599257150561695, "stapesfix": 0.3444587404664705, "All": 0.23993079456315763}