{"disart": 0.04781634006255149, "malleusfix": 0.05361624668402514, "normal": 0.2067175913272088, "stapesfix": 0.24566677869136425, "All": 0.1384542391912874}