{"malleusfix": 0.33387143938250163, "normal": 0.1007639192095241, "stapesfix": 0.3026257186464819, "All": 0.24575369241283587}