{"disart": 0.04230220296861141, "malleusfix": 0.17208952336497196, "normal": 0.03653092684457166, "stapesfix": 0.14952045967338382, "All": 0.10011077821288472}