{"malleusfix": 0.08741127686825047, "normal": 0.031162100996470946, "stapesfix": 0.09766249155054499, "All": 0.07207862313842213}