{"disart": 0.02435345975754708, "malleusfix": 0.04356372253827766, "normal": 0.021432390345426523, "stapesfix": 0.041962341023664536, "All": 0.03282797841622895}