{"disart": 0.14368812298236797, "malleusfix": 0.13006560730265912, "normal": 0.39029851122847653, "stapesfix": 0.42686621480205894, "All": 0.2727296140788906}