{"disart": 0.059758088735612155, "malleusfix": 0.04974888244097526, "normal": 0.19415533203604024, "stapesfix": 0.24300478398097936, "All": 0.13666677179840175}