{"disart": 0.11805370117810864, "malleusfix": 0.14040543083425902, "normal": 0.1085422742085368, "stapesfix": 0.1355223616285265, "All": 0.12563094196235775}