{"disart": 0.03502996209695593, "malleusfix": 0.060991136389893785, "normal": 0.025120207048029437, "stapesfix": 0.07599493918377188, "All": 0.04928406117966276}