{"malleusfix": 0.1986047991620772, "normal": 0.2835764233145496, "stapesfix": 0.0781957323220534, "All": 0.1867923182662267}