{"disart": 0.1678552847624822, "malleusfix": 0.05148891024711491, "normal": 0.3625883806508327, "stapesfix": 0.3992907723964004, "All": 0.24530583701420755}