{"disart": 0.07333241571970459, "malleusfix": 0.04458994624269566, "normal": 0.14783876609862653, "stapesfix": 0.1296113281693223, "All": 0.09884311405758728}