{"disart": 0.1295239237836917, "malleusfix": 0.134378641120959, "normal": 0.43113479555395257, "stapesfix": 0.4289812520330317, "All": 0.2810046531229088}