{"disart": 0.31918588402475645, "malleusfix": 0.18508111850352296, "normal": 0.21300789532887657, "stapesfix": 0.12372329634356904, "All": 0.21024954855018124}