{"disart": 0.047411086424577774, "malleusfix": 0.059991206167198226, "normal": 0.21623425208897698, "stapesfix": 0.18327400875426172, "All": 0.12672763835875367}