{"disart": 0.25458834169072053, "malleusfix": 0.27342122251681156, "normal": 0.6527511942936811, "stapesfix": 0.6217832318218954, "All": 0.45063599758077716}