{"disart": 0.23991423051160166, "malleusfix": 0.10961765013871665, "normal": 0.19277998505074698, "stapesfix": 0.10835555558256466, "All": 0.16266685532090747}