{"disart": 0.18210565789614105, "malleusfix": 0.14621702684325977, "normal": 0.11782202377781383, "stapesfix": 0.14941894622270424, "All": 0.14889091368497973}