{"disart": 0.40073611297901107, "malleusfix": 0.14663061029350985, "normal": 0.5798769804184736, "stapesfix": 0.5364966138874114, "All": 0.41593507939460145}