{"malleusfix": 0.18732283737709288, "normal": 0.28819140676567817, "stapesfix": 0.068205307538962, "All": 0.18123985056057768}