{"malleusfix": 0.40619548822454443, "normal": 0.14658059771087736, "stapesfix": 0.31878450385337975, "All": 0.2905201965962672}