{"disart": 0.23834716135729617, "malleusfix": 0.25555847027695794, "normal": 0.6081931151291903, "stapesfix": 0.6413420144323216, "All": 0.4358601902989415}