{"disart": 0.4246352126218204, "malleusfix": 0.13315399549155738, "normal": 0.6006752872945231, "stapesfix": 0.5529159708562555, "All": 0.4278451165660391}