{"disart": 0.10709168108321279, "malleusfix": 0.21377127990902817, "normal": 0.11403429182648106, "stapesfix": 0.1272980712398142, "All": 0.14054883101463406}