{"disart": 0.10862313184731318, "malleusfix": 0.20662425955975366, "normal": 0.10077660971296373, "stapesfix": 0.14502028688004157, "All": 0.14026107200001803}