{"disart": 0.023195814350533302, "malleusfix": 0.05103456326794918, "normal": 0.023181347535151744, "stapesfix": 0.03493830075326333, "All": 0.03308750647672439}