{"disart": 0.02098892355258927, "malleusfix": 0.03001112115332913, "normal": 0.015726651831847595, "stapesfix": 0.03331371251745128, "All": 0.025010102263804318}