{"disart": 0.05193799641526611, "malleusfix": 0.04819461305741846, "normal": 0.21065616044922314, "stapesfix": 0.2272906401150185, "All": 0.13451985250923157}