{"disart": 0.1597846288365186, "malleusfix": 0.07427368745715793, "normal": 0.3868739592443333, "stapesfix": 0.3591288393337122, "All": 0.2450152787179305}