{"disart": 0.0463278189471094, "malleusfix": 0.06048172903182569, "normal": 0.18896168170011618, "stapesfix": 0.20386486884110588, "All": 0.12490902463003929}