{"disart": 0.14562614705806248, "malleusfix": 0.12622150975979496, "normal": 0.4303330364419525, "stapesfix": 0.3878948600389463, "All": 0.27251888832468907}