{"disart": 0.12744262195238998, "malleusfix": 0.1272037546209491, "normal": 0.11008788612844711, "stapesfix": 0.14172479730024656, "All": 0.1266147650005082}