{"disart": 0.13099219437121984, "malleusfix": 0.14725382953348598, "normal": 0.3858316720723694, "stapesfix": 0.4434452579836615, "All": 0.2768807384901842}