{"malleusfix": 0.08473033851243715, "normal": 0.16030283801521522, "stapesfix": 0.056971503573184534, "All": 0.10066822670027897}