{"disart": 0.05728591536128798, "malleusfix": 0.016799582105804255, "normal": 0.08642499813760969, "stapesfix": 0.08440085183969788, "All": 0.06122783686109995}