{"disart": 0.23593842260729914, "malleusfix": 0.2872554998605832, "normal": 0.5875597788602845, "stapesfix": 0.6723848407846268, "All": 0.44578463552819847}