{"disart": 0.01669515171298135, "malleusfix": 0.01869266900886367, "normal": 0.067781060988874, "stapesfix": 0.07150645842487476, "All": 0.04366883503389844}