{"disart": 0.21734226105829066, "malleusfix": 0.10554338207801851, "normal": 0.21931165041712478, "stapesfix": 0.1125567812229234, "All": 0.16368851869408935}