{"malleusfix": 0.16161929778863185, "normal": 0.26721308292454116, "stapesfix": 0.05865391053861124, "All": 0.16249543041726142}