{"malleusfix": 0.37896706796289903, "normal": 0.17439157675599534, "stapesfix": 0.2945706254036014, "All": 0.28264309004083193}