{"disart": 0.14853209015077848, "malleusfix": 0.12989154154824992, "normal": 0.41557661071468127, "stapesfix": 0.4235836211611621, "All": 0.27939596589371796}