{"disart": 0.4266658521981216, "malleusfix": 0.13778291605688503, "normal": 0.5799946066321583, "stapesfix": 0.5426860280037406, "All": 0.4217823507227263}