{"disart": 0.10152433661625251, "malleusfix": 0.17981437737827066, "normal": 0.10666992551342051, "stapesfix": 0.1533191399353273, "All": 0.13533194486081773}