{"disart": 0.0768809015518427, "malleusfix": 0.045919610575889225, "normal": 0.13129672421685953, "stapesfix": 0.156132720715564, "All": 0.10255748926503887}