{"disart": 0.3087033522900083, "malleusfix": 0.19496012263924237, "normal": 0.21754665985214688, "stapesfix": 0.11842386776269832, "All": 0.20990850063602395}