{"disart": 0.04063218982497708, "malleusfix": 0.17244796771775475, "normal": 0.03056144243193407, "stapesfix": 0.1839018759768322, "All": 0.10688586898787453}