{"disart": 0.11566247888743564, "malleusfix": 0.22508861993515072, "normal": 0.09423210651546457, "stapesfix": 0.09798467606123994, "All": 0.1332419703498227}