{"disart": 0.03375016938975194, "malleusfix": 0.17403641709685275, "normal": 0.04194151063374629, "stapesfix": 0.164460643958509, "All": 0.103547185269715}