{"malleusfix": 0.2081513296113514, "normal": 0.2820807814384462, "stapesfix": 0.06900720573917049, "All": 0.1864131055963227}