{"malleusfix": 0.14588426180742445, "normal": 0.28263277999679787, "stapesfix": 0.06004585745869187, "All": 0.16285429975430474}