{"malleusfix": 0.19142928939487922, "normal": 0.32337146251488663, "stapesfix": 0.07124262478970282, "All": 0.1953477922331562}