{"disart": 0.12159474789841548, "malleusfix": 0.22658991566792472, "normal": 0.09553092673061303, "stapesfix": 0.12622322892758112, "All": 0.1424847048061336}