{"disart": 0.03819883168635567, "malleusfix": 0.16634099218023254, "normal": 0.04204694757772246, "stapesfix": 0.15848041767207025, "All": 0.10126679727909522}