{"disart": 0.037290924959965124, "malleusfix": 0.16310706304679315, "normal": 0.03169833419551648, "stapesfix": 0.1956452695983156, "All": 0.10693539795014759}