{"disart": 0.2121006554650962, "malleusfix": 0.2590260878158078, "normal": 0.5515713833161324, "stapesfix": 0.6164413435761779, "All": 0.40978486754330357}