{"disart": 0.1480319604349075, "malleusfix": 0.19403702203665812, "normal": 0.0707994909468631, "stapesfix": 0.11871619265200442, "All": 0.13289616651760827}