{"disart": 0.15422007579161312, "malleusfix": 0.06910578492215609, "normal": 0.43802911168222497, "stapesfix": 0.3169371468497774, "All": 0.2445730298114429}