{"malleusfix": 0.1852498158323551, "normal": 0.30701116292269653, "stapesfix": 0.07285376053854548, "All": 0.18837157976453237}