{"disart": 0.052027453631608996, "malleusfix": 0.015577588900908441, "normal": 0.0813056189137247, "stapesfix": 0.07468162770379465, "All": 0.055898072287509204}