{"disart": 0.12464333241102993, "malleusfix": 0.1510698105937202, "normal": 0.10809425776894978, "stapesfix": 0.13284171142012796, "All": 0.12916227804845698}