{"disart": 0.05867012860315718, "malleusfix": 0.017214208834013818, "normal": 0.08696467456842215, "stapesfix": 0.08570326850780197, "All": 0.06213807012834878}