{"disart": 0.14813250949807685, "malleusfix": 0.19720111726282175, "normal": 0.08646387991277421, "stapesfix": 0.09839192568694984, "All": 0.13254735809015566}