{"disart": 0.06292777320293251, "malleusfix": 0.040980923231508676, "normal": 0.14509051883950666, "stapesfix": 0.14544814118077062, "All": 0.09861183911367963}