{"disart": 0.3145202812642419, "malleusfix": 0.1861859043120744, "normal": 0.2071233013975769, "stapesfix": 0.11646046521292755, "All": 0.2060724880467052}