{"disart": 0.12368880165147726, "malleusfix": 0.22181904839774047, "normal": 0.11483954204181367, "stapesfix": 0.1376772648576216, "All": 0.14950616423716326}