{"disart": 0.022817616206443694, "malleusfix": 0.046193499099755175, "normal": 0.0266740804638096, "stapesfix": 0.03510882684952808, "All": 0.032698505654884136}