{"malleusfix": 0.09167390833597162, "normal": 0.14861112560121228, "stapesfix": 0.0582912532493698, "All": 0.09952542906218458}