{"disart": 0.03127754424176012, "malleusfix": 0.19580470037065442, "normal": 0.0383433909523301, "stapesfix": 0.15823891691710948, "All": 0.10591613812046352}