{"malleusfix": 0.2009826628923601, "normal": 0.28597174702625544, "stapesfix": 0.07035773999631895, "All": 0.1857707166383115}