{"disart": 0.21132866061562253, "malleusfix": 0.24617612181032042, "normal": 0.5546495590373777, "stapesfix": 0.6206718767610714, "All": 0.408206554556098}