{"disart": 0.2020407721583656, "malleusfix": 0.24492340213291086, "normal": 0.6144016468939606, "stapesfix": 0.5542021368205701, "All": 0.4038919895014518}