{"disart": 0.13715549049640577, "malleusfix": 0.11733885237152279, "normal": 0.4609749777017512, "stapesfix": 0.40046088221826553, "All": 0.27898255069698635}