{"disart": 0.07735331021921281, "malleusfix": 0.05964248249588182, "normal": 0.06441144427213788, "stapesfix": 0.07981757811002506, "All": 0.07030620377431439}