{"disart": 0.07153922566837448, "malleusfix": 0.05708046744559894, "normal": 0.06516300075911925, "stapesfix": 0.07564293066323384, "All": 0.06735640613408163}