{"disart": 0.15012018475988106, "malleusfix": 0.12745156646240308, "normal": 0.11479692259199174, "stapesfix": 0.17414893608629148, "All": 0.14162940247514186}