{"disart": 0.14531116802177474, "malleusfix": 0.07555635194111643, "normal": 0.33479603678672, "stapesfix": 0.40067119871495077, "All": 0.23908368886614045}