{"malleusfix": 0.14762367290601436, "normal": 0.3221817368054268, "stapesfix": 0.05676462502889128, "All": 0.17552334491344412}