{"disart": 0.22173268376130112, "malleusfix": 0.11598904537976681, "normal": 0.20140178568125539, "stapesfix": 0.11999660999915948, "All": 0.1647800312053707}