{"disart": 0.1564517745476786, "malleusfix": 0.12924225070206422, "normal": 0.43888113121002503, "stapesfix": 0.5022856438723646, "All": 0.3067152000830331}