{"malleusfix": 0.15404918779193277, "normal": 0.2846211257169553, "stapesfix": 0.06556041270149865, "All": 0.16807690873679557}