{"malleusfix": 0.3167368376282294, "normal": 0.099149316916066, "stapesfix": 0.3254887757741132, "All": 0.24712497677280287}