{"disart": 0.15497187140998356, "malleusfix": 0.13215879224701035, "normal": 0.38760635666479193, "stapesfix": 0.4383178054724332, "All": 0.27826370644855475}