{"disart": 0.11883282846938938, "malleusfix": 0.2007594402092827, "normal": 0.10691624399824673, "stapesfix": 0.15348210239530413, "All": 0.14499765376805573}