{"disart": 0.07835827670846544, "malleusfix": 0.03882330817973492, "normal": 0.1428112237741114, "stapesfix": 0.13524317225058055, "All": 0.09880899522822309}