{"disart": 0.13293202389082565, "malleusfix": 0.2002515065714661, "normal": 0.08549801492141834, "stapesfix": 0.11284946802491724, "All": 0.13288275335215682}