{"disart": 0.11378708519597718, "malleusfix": 0.114552243203996, "normal": 0.1170889839959695, "stapesfix": 0.1629599139201332, "All": 0.12709705657901899}