{"disart": 0.12794028114402559, "malleusfix": 0.1737453935792829, "normal": 0.07733795309937196, "stapesfix": 0.12991109281017998, "All": 0.12723368015821512}