{"malleusfix": 0.10123924077828611, "normal": 0.14513943185092912, "stapesfix": 0.03745353376406687, "All": 0.09461073546442737}