{"disart": 0.03731970014362996, "malleusfix": 0.16163428763235493, "normal": 0.030701131612324375, "stapesfix": 0.18760971138164848, "All": 0.10431620769248943}