{"disart": 0.036825237722242804, "malleusfix": 0.17800829252139413, "normal": 0.04767714930882521, "stapesfix": 0.16439667866328478, "All": 0.10672683955393673}