{"malleusfix": 0.20421074355201643, "normal": 0.3177615471839837, "stapesfix": 0.07071437386872105, "All": 0.19756222153490707}