{"disart": 0.058230654854495925, "malleusfix": 0.019710460814653608, "normal": 0.07922276065276548, "stapesfix": 0.10392171972684572, "All": 0.06527139901219019}