{"disart": 0.13760965630602004, "malleusfix": 0.10218094334914718, "normal": 0.3526751299213383, "stapesfix": 0.3512546137776679, "All": 0.23593008583854336}