{"disart": 0.0523719126773361, "malleusfix": 0.040919457897343366, "normal": 0.21698881754199914, "stapesfix": 0.2476228704244176, "All": 0.13947576463527406}