{"disart": 0.21361722350453852, "malleusfix": 0.27376027908059053, "normal": 0.6400947996298566, "stapesfix": 0.6438351175585079, "All": 0.44282685494337337}