{"disart": 0.22788967052737594, "malleusfix": 0.2789161851894277, "normal": 0.6195582508552747, "stapesfix": 0.6836085419822413, "All": 0.45249316213857993}