{"disart": 0.044224623929919576, "malleusfix": 0.05848116906707696, "normal": 0.1869119326113206, "stapesfix": 0.20418023919152736, "All": 0.12344949119996113}