{"disart": 0.15859541341961408, "malleusfix": 0.1441178543078365, "normal": 0.4577021791077727, "stapesfix": 0.43590438470845083, "All": 0.29907995788591857}