{"disart": 0.15946184638345645, "malleusfix": 0.13689043372858464, "normal": 0.1496219793132994, "stapesfix": 0.19534150864312239, "All": 0.16032894201711573}