{"disart": 0.018706331091348696, "malleusfix": 0.020920301132675113, "normal": 0.013593734937971318, "stapesfix": 0.03723336200956129, "All": 0.022613432292889105}