{"disart": 0.14297514153492177, "malleusfix": 0.19102724177562252, "normal": 0.09177148688157126, "stapesfix": 0.1182307820461602, "All": 0.13600116305956894}