{"malleusfix": 0.194087551136348, "normal": 0.31878059167133604, "stapesfix": 0.07203902640761604, "All": 0.1949690564051}