{"disart": 0.03063337727576784, "malleusfix": 0.1950920822483808, "normal": 0.03376773215671513, "stapesfix": 0.12914937776723753, "All": 0.09716064236202532}