{"disart": 0.04318374104534073, "malleusfix": 0.19725990604030016, "normal": 0.028997228592286216, "stapesfix": 0.14479475434565472, "All": 0.10355890750589547}