{"disart": 0.12733643154961433, "malleusfix": 0.11274372328019135, "normal": 0.10915240145574659, "stapesfix": 0.16534067517871226, "All": 0.12864330786606615}