{"disart": 0.14763283122657136, "malleusfix": 0.11008967329283541, "normal": 0.4642940688474805, "stapesfix": 0.4606771038507527, "All": 0.29567341930441}