{"disart": 0.13400713867572112, "malleusfix": 0.09097232941674828, "normal": 0.35231690313008085, "stapesfix": 0.34111830197791354, "All": 0.22960366830011597}