{"disart": 0.15355077903988393, "malleusfix": 0.06258163490474174, "normal": 0.409061976288071, "stapesfix": 0.31312980163120235, "All": 0.23458104796597473}