{"disart": 0.1468952609743326, "malleusfix": 0.09161646609017816, "normal": 0.3383783634342233, "stapesfix": 0.35093255295139536, "All": 0.23195566086253233}