{"disart": 0.07559778787335682, "malleusfix": 0.05079117610601412, "normal": 0.06617309065601226, "stapesfix": 0.08343010519229584, "All": 0.06899803995691976}