{"disart": 0.024239204209686272, "malleusfix": 0.05456350978096073, "normal": 0.03321229235442965, "stapesfix": 0.03739009684058523, "All": 0.03735127579641547}