{"disart": 0.035120198742815426, "malleusfix": 0.20340008055195616, "normal": 0.04318698167935598, "stapesfix": 0.13014659668963974, "All": 0.10296346441594183}