{"malleusfix": 0.07613870172964314, "normal": 0.023228049051888206, "stapesfix": 0.09265907856036629, "All": 0.06400860978063254}