{"disart": 0.13875278957382364, "malleusfix": 0.10870498655722471, "normal": 0.35582959116514934, "stapesfix": 0.3477956460122347, "All": 0.23777075332710812}