{"disart": 0.027264114428164694, "malleusfix": 0.06006873277782166, "normal": 0.02258482192947426, "stapesfix": 0.030725704043794082, "All": 0.03516084329481367}