{"malleusfix": 0.14525898421652092, "normal": 0.03322045510654866, "stapesfix": 0.13749184682012724, "All": 0.10532376204773226}