{"disart": 0.13142940302824804, "malleusfix": 0.19712707043932648, "normal": 0.07683371053464362, "stapesfix": 0.12428547272946491, "All": 0.13241891418292076}