{"disart": 0.12142504995581543, "malleusfix": 0.11158908147659327, "normal": 0.3304290025537654, "stapesfix": 0.35500537484143385, "All": 0.229612127206902}