{"malleusfix": 0.15266102348679075, "normal": 0.2879178593326417, "stapesfix": 0.045893753674067575, "All": 0.16215754549783334}