{"malleusfix": 0.1872380504073608, "normal": 0.31164119316251254, "stapesfix": 0.06562865278596405, "All": 0.18816929878527913}