{"disart": 0.2351512876868826, "malleusfix": 0.2573032017059687, "normal": 0.5661068413545374, "stapesfix": 0.6070712837498891, "All": 0.41640815362431943}