{"malleusfix": 0.2076847677727378, "normal": 0.2807448985100844, "stapesfix": 0.0677058978511541, "All": 0.18537852137799207}