{"disart": 0.16592936261783423, "malleusfix": 0.11619944384415193, "normal": 0.4584825307843485, "stapesfix": 0.4468089443721272, "All": 0.29685507040461545}