{"disart": 0.12465541205477777, "malleusfix": 0.1986939630690653, "normal": 0.10884220502650173, "stapesfix": 0.1467058275612618, "All": 0.14472435192790165}