{"malleusfix": 0.33280892781633054, "normal": 0.18032783915012274, "stapesfix": 0.29575209230206895, "All": 0.26962961975617405}