{"disart": 0.08182182489806519, "malleusfix": 0.05072599814432735, "normal": 0.07073776927259186, "stapesfix": 0.08286859035883709, "All": 0.07153854566845537}