{"disart": 0.14774166893798268, "malleusfix": 0.12392567181596467, "normal": 0.42388837427855175, "stapesfix": 0.47485341789962593, "All": 0.2926022832330313}