{"disart": 0.20434005816448395, "malleusfix": 0.2633260811405536, "normal": 0.5959436839623169, "stapesfix": 0.595387213300848, "All": 0.4147492591420506}