{"malleusfix": 0.37470826798189866, "normal": 0.11321718123645315, "stapesfix": 0.255462149295092, "All": 0.2477958661711479}