{"disart": 0.2113640402186135, "malleusfix": 0.10483411114545665, "normal": 0.20834298464919335, "stapesfix": 0.11257356113514168, "All": 0.1592786742871013}