{"malleusfix": 0.32701620109958224, "normal": 0.1643560179752835, "stapesfix": 0.285025504277392, "All": 0.2587992411174192}