{"disart": 0.13456256747777842, "malleusfix": 0.12381810414058893, "normal": 0.39954356499823207, "stapesfix": 0.46503566467521523, "All": 0.28073997532295364}