{"disart": 0.07585432458256622, "malleusfix": 0.05486558458630392, "normal": 0.11163819672601323, "stapesfix": 0.15680885115540183, "All": 0.0997917392625713}