{"disart": 0.2305834498521025, "malleusfix": 0.2807032217936692, "normal": 0.6431754630444072, "stapesfix": 0.6564799272059297, "All": 0.45273551547402713}