{"disart": 0.058440141495135864, "malleusfix": 0.055411204333076475, "normal": 0.18989005532896405, "stapesfix": 0.24051400110247068, "All": 0.13606385056491177}