{"disart": 0.15452672017801253, "malleusfix": 0.09721451862263658, "normal": 0.3212898633722736, "stapesfix": 0.3799378950127032, "All": 0.23824224929640647}